,,
,,
,,
,,#DIV/0!
Apricot / Kuriimutora-san,Choco cornet tunnel,3.00
,Cushion (yellow),4.50
,Dice cube,8.00
,Fairy-tale parasol,21.45
,Fluff-thing teaser,16.53
,Orange cube,5.50
,Pancake cushion,6.00
,Plum cushion (red),126.00
,Space heater,3.67
,Tower of treats,1.00
Bandit / Sabigara-san,Biscuit mat,2.00
,Bucket (blue),1.67
,Bucket (red),1.50
,Bureau with pot,3.61
,Burger cushion,3.33
,Cake box,3.00
,Cardboard choo-choo,2.22
,Cardboard house,27.10
,Carp tunnel,2.33
,Cat condo complex,13.55
,Cat metropolis,24.09
,Cowboy hat,2.75
,Cushion (green),3.50
,Hammock (pink),3.60
,Hammock (woven),24.29
,Heating stove,32.95
,Hot mat (large),101.33
,Kick toy (bunny),28.76
,Kick toy (mouse),47.50
,Kotatsu,2.40
,Mister dragonfly,3.60
,Mister mouse,3.60
,Pancake cushion,4.50
,Paper bag,1.67
,Pile of leaves,3.50
,Planter,3.36
,Scratching board,4.00
,Scratching log,3.45
,Scratching post,27.30
,Sheep cushion,2.20
,Shopping box (large),3.45
,Snow sled,19.97
,Stump house,3.50
,Tail-thing teaser,53.00
,Tent (modern red),16.59
,Tent (nature),34.32
,Three-tier cat tree,1.82
,Tiramisu cube,3.10
,Tower of treats,17.78
,Tunnel (3D piece),12.68
,Tunnel (I piece),4.00
,Tunnel (T piece),7.94
,Tunnel (U piece),3.00
,Two-tier cat tree,3.00
,Zebra grass gadget,2.33
Billy the Kitten / Kid-san,Cowboy hat,3.23
Bob the Cat / Yamaneko-san,Cat metropolis,17.68
Bolt / Kijitora-san,Arabesque blanket,7.00
,Beach umbrella,25.17
,Biscuit mat,95.42
,Burger cushion,7.20
,Butterfly swarm,6.50
,Cardboard café,8.32
,Carp tunnel,8.11
,Cat condo complex,6.06
,Cat macaroon (green),7.25
,Cat macaroon (pink),9.25
,Cat metropolis,5.21
,Cat pancake,19.67
,Chestnut cushion,28.53
,Choco cornet tunnel,19.27
,Cosy blanket (red),11.25
,Cosy blanket (yellow),11.00
,Cowboy hat,10.33
,Cream-puff house,7.40
,Doughnut tunnel,8.38
,Earthenware pot,43.09
,Fish-stick tunnel,6.17
,Fruit basket,22.16
,Gift box,10.50
,Glass vase,11.65
,Goldfish bowl,51.57
,Heating stove,24.88
,Honey pot,6.50
,Kick toy (bunny),25.40
,Kick toy (fish),24.67
,Kick toy (saury),23.68
,Kotatsu,33.52
,Lacquered bowl,8.33
,Pancake cushion,12.00
,Pile of leaves,21.07
,Pillow (green),9.67
,Pillow (purple),10.67
,Pillow (yellow),18.50
,Rice kettle,9.22
,Sakuramochi cushion,24.86
,Sheep cushion,11.92
,Shipping box (small),11.11
,Sunken fireplace,8.33
,Thick cooling pad,58.41
,Tiramisu cube,21.04
,Tower of treats,19.14
,Two-tier cat tree,9.00
,Watermelon ball,8.80
,Wood pail,5.40
Breezy / Shirokiji-san,Arabesque blanket,3.33
,Basket case,3.44
,Biscuit mat,24.86
,Burger cushion,3.00
,Cardboard choo-choo,2.70
,Cardboard house,2.38
,Cat condo complex,17.08
,Cat metropolis,14.74
,Cat pancake,35.67
,Colourful sock,2.67
,Cosy blanket (red),4.00
,Cosy blanket (yellow),3.25
,Cow tunnel,2.00
,Cowboy hat,27.10
,Cushion (brown),4.40
,Cushion (green),4.00
,Dice cube,3.29
,Earthenware pot,12.58
,Fluffy bed (brown),3.36
,Fluffy cushion,22.06
,Giant cushion,35.67
,Gift box,3.85
,Glass vase,5.00
,Hammock (pink),4.00
,Heating stove,2.58
,Kotatsu,15.46
,Lucky cushion,2.80
,Pancake cushion,27.83
,Panel heater,2.71
,Paper bag,10.69
,Paper umbrella,12.25
,Pile of leaves,3.67
,Pillow (green),2.00
,Pillow (purple),25.89
,Pillow (yellow),20.29
,Plastic bag,8.56
,Plum cushion (red),30.86
,Pom-pom sock,4.75
,Rubber ball (yellow),80.29
,Sakuramochi cushion,4.00
,Shipping box (small),3.14
,Space heater,12.27
,Stump house,2.50
,Sunken fireplace,22.67
,Tent (modern red),3.44
,Tent (nature),3.63
,Thick cooling pad,21.50
,Tiramisu cube,4.57
,Tower of treats,1.33
,Twisty rail,3.33
,Two-tier cat tree,33.10
,Warm sock,3.20
Callie / Mike-san,Arabesque blanket,32.29
,Ball of yarn,8.58
,Basket case,36.33
,Biscuit mat,35.50
,Cardboard café,11.73
,Cardboard house,3.00
,Cat condo complex,39.25
,Cat metropolis,1.36
,Cat pancake,59.50
,Cosy blanket (red),3.75
,Cosy blanket (yellow),3.00
,Cowboy hat,26.00
,Cushion (brown),2.83
,Cushion (yellow),27.70
,Dice cube,2.60
,Earthenware pot,16.07
,Fluffy bed (brown),4.00
,Fluffy bed (white),3.33
,Giant cushion,2.41
,Glass vase,3.50
,Goldfish bowl,2.80
,Hammock (pink),2.40
,Hammock (woven),12.53
,Hammock (yellow),3.00
,Hot mat (large),16.12
,Hot mat (small),3.00
,Hot-water bottle,151.00
,Kotatsu,7.54
,Lacquered bowl,18.83
,Large cooling mat,3.33
,Lucky cushion,2.33
,Luxurious hammock,24.35
,Navy-blue cube,3.69
,Orange cube,18.70
,Paper umbrella,35.00
,Pillow (green),3.56
,Pillow (purple),2.59
,Plastic bag,1.00
,Pom-pom sock,3.25
,Rice kettle,2.50
,Shipping box (small),3.00
,Space heater,10.33
,Stump house,27.33
,Sunken fireplace,34.35
,Tiramisu cube,3.40
,Tower of treats,1.50
,Two-tier cat tree,3.55
,Warm sock,2.60
,Wood pail,6.04
Chairman Meow / Nabeneko-san,Earthenware pot,27.88
,Sunken fireplace,102.50
Cocoa / Chahachi-san,Arabesque blanket,5.00
,Art deco cat tree,2.25
,Beach umbrella,9.49
,Biscuit mat,4.20
,Burger cushion,2.50
,Cardboard choo-choo,3.50
,Cardboard house,30.78
,Carp tunnel,1.75
,Choco cornet tunnel,101.67
,Cool aluminum pad,5.33
,Cosy blanket (red),5.00
,Cosy blanket (yellow),2.40
,Cow tunnel,27.10
,Cushion (beige),4.00
,Cushion (green),5.00
,Cushion (pink),3.33
,Cushion (yellow),4.13
,Dice cube,4.19
,Doughnut tunnel,2.29
,Fairy-tale parasol,48.40
,Fish-stick tunnel,3.00
,Fluffy bed (brown),5.00
,Fluffy bed (pink),4.50
,Fluffy bed (white),4.71
,Fluffy cushion,4.83
,Gift box,4.00
,Glass vase,6.00
,Goldfish bowl,4.75
,Hammock (pink),5.00
,Hammock (woven),28.00
,Hammock (yellow),3.50
,Heating stove,2.50
,Hot mat (small),4.00
,Hot-water bottle,3.88
,Kotatsu,14.22
,Large cooling mat,21.09
,Lucky cushion,2.00
,Luxurious hammock,4.27
,Marble pad,4.75
,Navy-blue cube,5.25
,Orange cube,12.30
,Pancake cushion,4.00
,Panel heater,4.50
,Paper bag,62.30
,Paper umbrella,25.11
,Pile of leaves,19.70
,Pillow (green),3.00
,Pillow (purple),6.00
,Pillow (yellow),5.00
,Ping pong ball,3.00
,Plastic bag,28.00
,Plum cushion (red),5.60
,Rubber ball (blue),4.30
,Rubber ball (red),11.92
,Rubber ball (yellow),65.33
,Scratching board,4.80
,Scratching log,5.00
,Scratching post,5.00
,Sheep cushion,8.00
,Shipping box (small),4.20
,Silk crepe pillow,4.00
,Snow sled,2.43
,Space heater,30.57
,Sunken fireplace,4.00
,Tent (blizzard),39.07
,Tent (modern red),4.75
,Tent (nature),30.73
,Tent (pyramid),3.45
,Thick cooling pad,3.80
,Tiramisu cube,4.00
,Tower of treats,1.50
,Toy capsule,26.44
,Tunnel (3D piece),43.89
,Tunnel (I piece),5.00
,Tunnel (T piece),2.00
,Tunnel (U piece),7.00
,Twisty rail,4.00
,Watermelon ball,4.36
Conductor Whisker / Ekichou-san,Cardboard choo-choo,19.33
,Twisty rail,36.45
Dottie / Shiromike-san,Art deco cat tree,1.83
,Burger cushion,3.83
,Cardboard choo-choo,3.80
,Carp tunnel,32.40
,Cat macaroon (green),2.25
,Cat macaroon (pink),24.00
,Cat pancake,13.43
,Chestnut cushion,3.62
,Choco cornet tunnel,11.81
,Cow tunnel,2.56
,Cowboy hat,21.97
,Cream-puff house,23.86
,Dice cube,3.83
,Doughnut tunnel,3.25
,Fish-stick tunnel,3.00
,Fluffy bed (pink),52.80
,Fluffy bed (white),4.67
,Hammock (pink),5.50
,Hammock (woven),4.83
,Hammock (yellow),3.60
,Hot mat (large),10.39
,Kick toy (bunny),3.67
,Kick toy (fish),10.48
,Kick toy (mouse),3.00
,Kick toy (saury),3.71
,Large cooling mat,200.00
,Luxurious hammock,3.69
,Maple pillow,3.22
,Navy-blue cube,5.00
,Orange cube,29.35
,Pancake cushion,4.00
,Pillow (green),3.00
,Pillow (purple),4.50
,Pillow (yellow),3.00
,Plum cushion (red),63.20
,Royal bed,91.00
,Sakura pillow,12.29
,Sakuramochi cushion,4.30
,Sheep cushion,4.50
,Silk crepe pillow,3.60
,Snowy pillow,20.44
,Space heater,2.25
,Stump house,4.50
,Sunken fireplace,2.88
,Temari ball,15.29
,Tiramisu cube,4.00
,Tower of treats,2.00
Fred / Chatora-san,Art deco cat tree,6.54
,Bureau with pot,7.45
,Cardboard café,11.36
,Cardboard choo-choo,41.81
,Cardboard house,26.71
,Cat condo complex,17.77
,Cat metropolis,16.13
,Cool aluminum pad,36.93
,Cosy blanket (red),16.00
,Cow tunnel,7.67
,Cowboy hat,28.56
,Cushion (brown),13.67
,Cushion (green),54.89
,Giant cushion,48.37
,Glass vase,15.50
,Hammock (yellow),12.86
,Hot mat (small),16.33
,Hot-water bottle,15.00
,Kick toy (fish),16.83
,Kick toy (mouse),14.00
,Kick toy (saury),13.67
,Kotatsu,10.22
,Large cooling mat,18.97
,Royal bed,25.83
,Rubber ball (blue),14.40
,Scratching board,11.14
,Scratching post,14.25
,Shipping box (small),10.50
,Silk crepe pillow,28.74
,Snow sled,36.71
,Snowy pillow,19.75
,Soccer ball,23.30
,Space heater,16.40
,Tent (blizzard),26.67
,Thick cooling pad,27.83
,Three-tier cat tree,10.31
,Tower of treats,6.21
,Tunnel (3D piece),18.91
,Tunnel (U piece),13.00
,Two-tier cat tree,13.54
,Watermelon ball,10.00
Frosty / Yukineko-san,Bureau with pot,9.00
,Snowy pillow,13.25
Gabriel / Hachiware-san,Art deco cat tree,2.00
,Beach umbrella,31.21
,Black head space,4.75
,Cardboard café,19.65
,Cardboard choo-choo,19.00
,Cardboard truck,4.91
,Cat condo complex,28.60
,Cat macaroon (green),3.67
,Cat macaroon (pink),3.17
,Cat metropolis,1.93
,Cool aluminum pad,4.79
,Cream-puff house,3.00
,Cushion (beige),4.53
,Earthenware pot,29.00
,Head space,20.11
,Hot mat (large),33.94
,Hot mat (small),40.27
,Hot-water bottle,47.57
,Kick toy (fish),5.00
,Kick toy (saury),29.67
,Kotatsu,21.85
,Lacquered bowl,24.64
,Panel heater,35.35
,Pillow (green),69.00
,Pillow (purple),5.00
,Pillow (yellow),5.00
,Scratching log,3.71
,Silk crepe pillow,18.42
,Snow sled,16.15
,Soccer ball,3.50
,Sunken fireplace,14.10
,Tower of treats,2.33
,Two-tier cat tree,4.00
,Zanzibar cushion,18.31
Ganache / Choco-san,Beach umbrella,2.75
,Cream-puff house,1.33
,Fairy-tale parasol,10.95
,Fluff-thing teaser,153.50
,Pancake cushion,2.00
,Tower of treats,1.33
Ginger / Akage-san,Arabesque blanket,7.00
,Ball of yarn,56.78
,Black head space,4.85
,Bureau with pot,3.00
,Burger cushion,4.80
,Cake box,4.00
,Carp tunnel,5.00
,Cat condo complex,1.83
,Cat metropolis,2.50
,Choco cornet tunnel,3.50
,Cowboy hat,16.21
,Dice cube,5.00
,Earthenware pot,46.33
,Fish-stick tunnel,3.00
,Fruit basket,32.00
,Glass vase,5.00
,Head space,52.33
,Honey pot,101.50
,Kotatsu,39.86
,Lacquered bowl,4.73
,Large cooling mat,4.00
,Maple pillow,6.00
,Mister dragonfly,5.33
,Navy-blue cube,6.25
,Orange cube,25.04
,Pancake cushion,53.80
,Paper bag,52.80
,Pickling pot,2.00
,Pile of leaves,64.20
,Plastic bag,3.60
,Rice kettle,53.60
,Sakura pillow,5.50
,Sheep cushion,103.50
,Shopping box (large),6.33
,Snow sled,2.25
,Snowy pillow,40.18
,Tent (blizzard),5.25
,Tent (modern red),6.50
,Tent (nature),5.00
,Tiramisu cube,5.00
,Tunnel (3D piece),2.57
,Tunnel (I piece),3.00
,Wood pail,5.00
Gozer / Tobi-san,Art deco cat tree,14.83
,Baseball,29.19
,Bean bag,13.45
,Bureau with pot,77.00
,Busy bee,20.54
,Butterfly swarm,15.92
,Cardboard café,3.76
,Cardboard choo-choo,3.10
,Cardboard house,27.91
,Cardboard truck,4.75
,Cat condo complex,19.44
,Cat metropolis,47.58
,Cushion (brown),4.46
,Cushion (yellow),10.94
,Earthenware pot,5.33
,Fairy-tale parasol,23.13
,Fluff-thing teaser,33.25
,Fluffy bed (brown),14.80
,Glass vase,4.92
,Heating stove,3.76
,Hot mat (large),15.92
,Kotatsu,2.87
,Luxurious hammock,3.00
,Panel heater,4.00
,Pillow (yellow),3.00
,Snow sled,14.50
,Soccer ball,5.00
,Space heater,16.50
,Sunken fireplace,5.44
,Three-tier cat tree,3.50
,Tower of treats,2.00
,Two-tier cat tree,4.29
,Wild-thing teaser,15.71
,Zanzibar cushion,25.42
Guy Furry / Bistro-san,Glass vase,13.23
,Heating stove,28.80
Jeeves / Sebasu-san,Tower of treats,30.67
Joe DiMeowgio / Tatejima-san,Baseball,26.03
Kathmandu / Maromayu-san,Lacquered bowl,65.50
,Temari ball,57.78
Lady Meow-Meow / Amesho-san,Luxurious hammock,45.58
Lexy / Haishiro-san,Art deco cat tree,7.44
,Baseball,26.42
,Basket case,27.70
,Bean bag,43.20
,Black head space,48.59
,Bureau with pot,8.07
,Cardboard café,25.20
,Cardboard choo-choo,12.13
,Cardboard house,45.27
,Carp tunnel,10.00
,Cat macaroon (green),16.33
,Cat macaroon (pink),10.33
,Cat pancake,9.70
,Chestnut cushion,38.50
,Clay pot,15.50
,Colourful sock,13.75
,Dice cube,18.80
,Earthenware pot,15.55
,Fairy-tale parasol,10.85
,Fluffy bed (brown),17.13
,Glass vase,13.00
,Goldfish bowl,17.00
,Head space,24.47
,Hot mat (small),16.44
,Kotatsu,9.92
,Lacquered bowl,13.80
,Maple pillow,13.00
,Marble pad,19.73
,Panel heater,15.83
,Paper umbrella,14.08
,Pom-pom sock,17.83
,Royal bed,15.59
,Sakura pillow,19.50
,Scratching log,38.59
,Silk crepe pillow,20.07
,Snowy pillow,16.75
,Sunken fireplace,31.55
,Temari ball,34.52
,Tent (blizzard),34.47
,Tiramisu cube,9.00
,Tower of treats,12.90
,Twisty rail,18.50
,Zanzibar cushion,19.32
Mack / Shirotora-san,Art deco cat tree,21.00
,Ball of yarn,5.00
,Baseball,4.09
,Bucket (yellow),3.78
,Bureau with pot,2.00
,Burger cushion,43.44
,Butterfly swarm,45.00
,Cardboard café,25.29
,Cardboard choo-choo,3.14
,Cardboard house,3.33
,Cat condo complex,1.83
,Cat metropolis,31.80
,Fairy-tale parasol,3.18
,Fluff-thing teaser,36.89
,Gift box,4.00
,Glass vase,2.75
,Heating stove,3.73
,Kick toy (fish),21.29
,Kick toy (mouse),5.00
,Kick toy (saury),4.60
,Kotatsu,3.71
,Mister dragonfly,2.00
,Mister mouse,29.00
,Pancake cushion,4.33
,Paper bag,2.50
,Pile of leaves,4.00
,Ping pong ball,2.00
,Plastic bag,2.00
,Rubber ball (red),27.20
,Sakuramochi cushion,4.70
,Scratching board,3.50
,Scratching post,4.20
,Shipping box (small),6.50
,Soccer ball,3.83
,Stress reliever,5.57
,Sunken fireplace,5.00
,Tent (blizzard),11.61
,Thick cooling pad,44.18
,Tower of treats,2.00
,Toy capsule,5.40
,Tunnel (3D piece),1.25
,Two-tier cat tree,8.00
,Wild-thing teaser,7.00
,Wing-thing teaser,5.50
,Zebra grass gadget,103.50
Marshmallow / Point-san,Basket case,7.00
,Bean bag,18.22
,Black head space,103.00
,Butterfly swarm,8.00
,Cardboard choo-choo,22.75
,Cat condo complex,4.00
,Cat metropolis,3.07
,Cosy blanket (red),8.29
,Cosy blanket (yellow),5.29
,Cow tunnel,4.00
,Cushion (pink),34.15
,Fluffy bed (pink),48.88
,Glass vase,10.00
,Hot mat (small),6.20
,Hot-water bottle,4.75
,Kick toy (mouse),7.00
,Kotatsu,12.53
,Maple pillow,7.36
,Marble pad,18.35
,Mister mouse,30.67
,Panel heater,5.00
,Pillow (green),5.14
,Pillow (purple),5.25
,Pillow (yellow),8.00
,Ping pong ball,7.00
,Plum cushion (pink),8.00
,Sakura pillow,19.89
,Scratching board,8.25
,Scratching log,38.80
,Scratching post,20.90
,Silk crepe pillow,7.04
,Snowy pillow,20.65
,Sunken fireplace,3.50
,Temari ball,26.15
,Three-tier cat tree,5.00
,Toy capsule,21.35
,Tunnel (3D piece),21.09
,Tunnel (T piece),9.52
,Wing-thing teaser,17.48
,Zanzibar cushion,6.00
Misty / Sabatora-san,Art deco cat tree,61.67
,Cake box,6.17
,Colourful sock,20.63
,Cool aluminum pad,6.67
,Cowboy hat,15.87
,Cushion (pink),21.72
,Cushion (yellow),32.12
,Earthenware pot,15.44
,Fluffy bed (white),8.52
,Fruit basket,18.10
,Giant cushion,23.63
,Glass vase,15.00
,Hot mat (large),22.00
,Large cooling mat,6.78
,Lucky cushion,69.00
,Marble pad,7.80
,Panel heater,5.33
,Pillow (green),7.00
,Pillow (purple),8.55
,Pillow (yellow),7.75
,Planter,9.25
,Plum cushion (pink),5.00
,Pom-pom sock,43.38
,Rubber ball (blue),56.25
,Scratching board,9.50
,Shipping box (small),7.70
,Space heater,3.86
,Tent (blizzard),3.00
,Wood pail,5.22
,Zanzibar cushion,34.94
Mr Meowgi / Osamurai-san,Sakura pillow,3.00
,Scratching log,3.60
Ms Fortune / Koikoi-san,Cardboard house,56.09
Patches / Buchi-san,Ball of yarn,13.79
,Beach umbrella,25.76
,Biscuit mat,116.25
,Bureau with pot,4.21
,Burger cushion,120.67
,Cardboard house,15.19
,Cat condo complex,10.86
,Cat metropolis,3.67
,Cosy blanket (red),7.50
,Cushion (beige),6.40
,Cushion (brown),54.80
,Cushion (pink),8.64
,Earthenware pot,23.50
,Fairy-tale parasol,26.69
,Fluffy bed (white),8.29
,Giant cushion,6.02
,Glass vase,12.00
,Hot mat (large),16.64
,Kick toy (bunny),37.13
,Kotatsu,28.72
,Large cooling mat,24.03
,Lucky cushion,7.75
,Luxurious hammock,25.64
,Paper umbrella,5.60
,Pile of leaves,8.80
,Pillow (purple),8.20
,Plum cushion (red),13.00
,Sakuramochi cushion,8.33
,Scratching log,57.00
,Space heater,4.45
,Sunken fireplace,6.80
,Temari ball,33.06
Peaches / Cream-san,Beach umbrella,12.00
,Bucket (yellow),10.00
,Bureau with pot,9.33
,Cardboard café,95.00
,Cardboard house,18.00
,Cardboard truck,19.00
,Cat condo complex,9.00
,Cat macaroon (pink),15.00
,Choco cornet tunnel,9.00
,Cushion (green),12.00
,Dice cube,12.00
,Fairy-tale parasol,12.00
,Fluffy cushion,24.00
,Glass vase,21.00
,Hammock (pink),26.00
,Hot mat (large),11.00
,Kotatsu,20.00
,Lacquered bowl,16.00
,Marble pad,25.00
,Mister mouse,16.00
,Navy-blue cube,21.00
,Paper umbrella,19.00
,Sakura pillow,2.00
,Sakuramochi cushion,27.00
,Snow sled,7.00
,Snowy pillow,18.00
,Tent (blizzard),11.00
,Tent (nature),28.00
,Tent (pyramid),14.50
,Tiramisu cube,13.00
,Tunnel (T piece),6.00
,Twisty rail,17.00
,Two-tier cat tree,23.00
,Zebra grass gadget,14.50
Pepper / Odd-san,Black head space,35.44
,Bucket (red),150.00
,Bucket (yellow),3.50
,Bureau with pot,3.25
,Burger cushion,6.86
,Cardboard choo-choo,4.00
,Cardboard house,4.50
,Cat pancake,4.33
,Chestnut cushion,3.00
,Clay pot,4.00
,Colourful sock,6.17
,Cowboy hat,7.18
,Cushion (brown),68.00
,Dice cube,30.50
,Hammock (woven),7.33
,Head space,24.60
,Honey pot,5.29
,Hot mat (small),7.00
,Hot-water bottle,7.67
,Kotatsu,3.90
,Lacquered bowl,4.00
,Navy-blue cube,6.43
,Orange cube,29.88
,Pancake cushion,30.50
,Paper bag,4.00
,Pickling pot,5.67
,Plastic bag,5.00
,Royal bed,6.00
,Scratching board,7.00
,Scratching log,24.60
,Scratching post,6.86
,Silk crepe pillow,6.10
,Space heater,4.00
,Stump house,4.33
,Tent (nature),50.27
,Tent (pyramid),46.69
,Thick cooling pad,13.74
,Tiramisu cube,7.00
,Tunnel (I piece),7.75
,Tunnel (U piece),7.50
,Twisty rail,7.00
,Warm sock,7.75
Pickles / Shirosaba-san,Black head space,49.14
,Bucket (blue),6.08
,Bucket (red),6.50
,Bureau with pot,17.59
,Burger cushion,12.00
,Cardboard house,7.71
,Cat condo complex,23.84
,Cat metropolis,3.97
,Cat pancake,6.00
,Chestnut cushion,9.00
,Clay pot,6.58
,Cow tunnel,7.00
,Cushion (brown),6.50
,Dice cube,9.07
,Earthenware pot,27.29
,Fish-stick tunnel,6.33
,Fluffy cushion,15.08
,Giant cushion,24.84
,Glass vase,200.00
,Goldfish bowl,8.67
,Head space,9.27
,Heating stove,5.22
,Honey pot,5.50
,Hot mat (small),8.14
,Kotatsu,16.00
,Navy-blue cube,37.88
,Orange cube,26.84
,Pancake cushion,8.00
,Paper bag,8.67
,Pickling pot,8.71
,Pile of leaves,56.75
,Ping pong ball,21.00
,Planter,25.00
,Shopping box (large),9.00
,Silk crepe pillow,8.92
,Tail-thing teaser,30.82
,Tiramisu cube,7.00
,Tower of treats,5.00
,Toy capsule,9.43
,Tunnel (3D piece),18.21
,Tunnel (I piece),7.25
,Tunnel (U piece),8.09
,Two-tier cat tree,31.75
,Wing-thing teaser,9.73
,Wood pail,7.00
,Zebra grass gadget,28.89
Princess / Mugiwara-san,Ball of yarn,2.76
,Basket case,2.17
,Beach umbrella,15.36
,Bucket (blue),17.38
,Bucket (red),61.00
,Bucket (yellow),14.13
,Bureau with pot,8.38
,Burger cushion,3.00
,Cardboard choo-choo,1.50
,Cardboard house,26.67
,Cardboard truck,52.00
,Choco cornet tunnel,67.33
,Clay pot,2.00
,Cushion (green),12.64
,Cushion (pink),2.75
,Doughnut tunnel,2.25
,Fairy-tale parasol,16.25
,Fish-stick tunnel,21.80
,Fluffy bed (pink),17.06
,Glass vase,3.60
,Hammock (pink),2.50
,Hammock (woven),3.14
,Heating stove,25.13
,Honey pot,2.43
,Kick toy (mouse),30.76
,Kotatsu,1.60
,Lucky cushion,2.00
,Maple pillow,2.88
,Marble pad,33.89
,Mister mouse,2.59
,Pancake cushion,2.75
,Pickling pot,2.13
,Planter,3.50
,Plum cushion (red),2.33
,Sakura pillow,15.53
,Sheep cushion,2.88
,Snowy pillow,24.90
,Stump house,2.00
,Sunken fireplace,2.75
,Tiramisu cube,5.00
,Tower of treats,1.00
,Tunnel (3D piece),16.40
,Tunnel (I piece),1.00
,Tunnel (U piece),3.50
,Two-tier cat tree,2.00
Pumpkin / Shirochatora-san,Baseball,10.50
,Beach umbrella,32.59
,Bean bag,21.41
,Bucket (red),2.33
,Bucket (yellow),3.00
,Bureau with pot,10.25
,Cardboard café,28.00
,Cardboard choo-choo,65.91
,Cardboard house,39.87
,Cat condo complex,2.00
,Cat metropolis,13.32
,Clay pot,3.43
,Cow tunnel,2.00
,Cowboy hat,3.73
,Cushion (beige),30.69
,Earthenware pot,22.88
,Fish-stick tunnel,2.70
,Fluff-thing teaser,4.76
,Fluffy bed (brown),5.67
,Fruit basket,47.65
,Giant cushion,18.55
,Gift box,4.20
,Glass vase,76.09
,Goldfish bowl,4.54
,Heating stove,33.54
,Honey pot,3.56
,Hot mat (large),3.06
,Hot mat (small),4.38
,Hot-water bottle,4.00
,Kick toy (fish),22.19
,Kick toy (saury),4.11
,Kotatsu,18.38
,Lacquered bowl,13.56
,Maple pillow,3.86
,Marble pad,12.65
,Pickling pot,18.80
,Rice kettle,4.27
,Rubber ball (blue),4.11
,Rubber ball (red),27.67
,Rubber ball (yellow),3.73
,Sakura pillow,4.08
,Scratching log,4.38
,Shipping box (small),3.40
,Snow sled,49.89
,Sunken fireplace,4.00
,Three-tier cat tree,2.40
,Tunnel (3D piece),22.24
,Tunnel (I piece),3.40
,Tunnel (T piece),14.06
,Warm sock,27.36
,Watermelon ball,3.33
,Wild-thing teaser,4.73
,Wood pail,2.67
Ramses the Great / Sphinx-san,Kotatsu,11.00
,Tent (pyramid),19.50
Rascal / Haihachi-san,Art deco cat tree,32.31
,Bucket (red),16.50
,Cardboard café,2.16
,Cardboard choo-choo,2.00
,Cardboard house,28.38
,Cushion (green),17.62
,Glass vase,2.50
,Hammock (woven),2.71
,Heating stove,2.00
,Kick toy (bunny),2.67
,Kotatsu,1.50
,Lucky cushion,3.00
,Pillow (green),1.33
,Pom-pom sock,73.14
,Royal bed,350.00
,Rubber ball (red),2.38
,Tent (blizzard),17.80
,Tower of treats,150.00
,Two-tier cat tree,3.43
Saint Purrtrick / Nekomata-san,Kotatsu,18.09
,Silk crepe pillow,33.78
Sapphire / Safuaia-san,Tower of treats,150.00
Sassy Fran / Café-san,Cardboard café,12.15
Senor Don Gato / Nagagutsu-san Total,,29.21
Shadow / Haiiro-san,Arabesque blanket,6.13
,Art deco cat tree,9.55
,Ball of yarn,21.33
,Basket case,4.00
,Biscuit mat,17.38
,Black head space,8.00
,Bureau with pot,15.73
,Butterfly swarm,5.80
,Cardboard café,7.50
,Cardboard choo-choo,5.33
,Cardboard house,4.15
,Cat condo complex,3.50
,Cat metropolis,2.75
,Cat pancake,3.60
,Chestnut cushion,8.00
,Clay pot,4.48
,Cow tunnel,3.59
,Cowboy hat,24.38
,Cushion (pink),8.00
,Dice cube,34.80
,Doughnut tunnel,4.25
,Earthenware pot,10.05
,Fluffy bed (pink),5.40
,Fluffy cushion,87.67
,Giant cushion,15.11
,Goldfish bowl,6.14
,Hammock (woven),8.00
,Head space,5.67
,Heating stove,27.97
,Honey pot,4.50
,Hot mat (large),16.83
,Kick toy (bunny),5.00
,Kotatsu,3.25
,Large cooling mat,4.00
,Luxurious hammock,35.85
,Maple pillow,35.23
,Panel heater,4.75
,Paper umbrella,10.06
,Pickling pot,4.63
,Ping pong ball,54.83
,Planter,45.00
,Pom-pom sock,24.87
,Rubber ball (blue),6.25
,Rubber ball (red),6.40
,Rubber ball (yellow),4.00
,Sakura pillow,45.41
,Scratching board,7.00
,Shipping box (small),5.50
,Space heater,58.00
,Stress reliever,24.29
,Stump house,6.33
,Sunken fireplace,6.00
,Tent (pyramid),29.43
,Tiramisu cube,6.33
,Tower of treats,3.43
,Toy capsule,29.63
,Tunnel (3D piece),35.36
,Tunnel (U piece),4.20
,Twisty rail,4.00
,Two-tier cat tree,5.20
,Watermelon ball,53.00
,Wood pail,4.14
,Zanzibar cushion,5.67
Smokey / Kuroneko-san,Arabesque blanket,5.13
,Art deco cat tree,2.43
,Beach umbrella,11.37
,Bureau with pot,2.12
,Burger cushion,17.00
,Busy bee,23.56
,Butterfly swarm,47.29
,Cardboard café,12.22
,Cardboard choo-choo,2.00
,Cardboard house,4.00
,Carp tunnel,2.00
,Cat condo complex,2.80
,Cat metropolis,13.46
,Colourful sock,25.71
,Cosy blanket (red),5.40
,Cow tunnel,4.00
,Cushion (beige),3.75
,Cushion (green),13.03
,Dice cube,14.27
,Doughnut tunnel,5.00
,Fairy-tale parasol,39.59
,Fish-stick tunnel,5.00
,Fluff-thing teaser,4.58
,Fluffy cushion,3.75
,Giant cushion,4.09
,Glass vase,3.00
,Hammock (pink),5.67
,Hammock (woven),6.20
,Hot mat (large),3.26
,Hot mat (small),6.50
,Hot-water bottle,2.00
,Kick toy (bunny),5.31
,Kick toy (mouse),16.31
,Kotatsu,4.03
,Large cooling mat,29.08
,Lucky cushion,6.25
,Luxurious hammock,37.56
,Marble pad,5.57
,Mister dragonfly,15.86
,Mister mouse,17.23
,Navy-blue cube,3.50
,Panel heater,3.20
,Paper bag,4.88
,Paper umbrella,28.86
,Pickling pot,3.00
,Pile of leaves,24.53
,Pillow (green),46.71
,Plum cushion (red),17.33
,Pom-pom sock,5.00
,Royal bed,4.50
,Rubber ball (red),2.67
,Scratching board,5.00
,Sheep cushion,32.63
,Shopping box (large),6.00
,Silk crepe pillow,4.57
,Space heater,3.06
,Stress reliever,4.45
,Stump house,4.00
,Sunken fireplace,4.90
,Tail-thing teaser,5.71
,Temari ball,34.80
,Tent (blizzard),37.96
,Tiramisu cube,5.00
,Tower of treats,51.67
,Tunnel (3d piece),1.00
,Tunnel (I piece),3.50
,Tunnel (T piece),2.50
,Twisty rail,6.00
,Two-tier cat tree,4.83
,Warm sock,2.50
,Wild-thing teaser,28.60
,Wing-thing teaser,5.48
,Zebra grass gadget,27.87
Snowball / Shironeko-san,Arabesque blanket,28.25
,Art deco cat tree,1.50
,Ball of yarn,3.33
,Baseball,13.38
,Basket case,17.53
,Biscuit mat,3.33
,Black head space,3.25
,Bureau with pot,17.82
,Burger cushion,3.75
,Butterfly swarm,4.75
,Cardboard café,3.00
,Cardboard choo-choo,3.57
,Cardboard house,2.67
,Cardboard truck,1.00
,Carp tunnel,1.00
,Cat condo complex,1.83
,Cat macaroon (green),3.00
,Cat macaroon (pink),2.00
,Cat metropolis,1.80
,Chestnut cushion,3.50
,Choco cornet tunnel,2.13
,Colourful sock,27.00
,Cosy blanket (red),4.20
,Cosy blanket (yellow),52.20
,Cow tunnel,52.00
,Cowboy hat,4.33
,Cream-puff house,2.50
,Cushion (beige),4.58
,Cushion (brown),3.67
,Cushion (pink),54.17
,Cushion (yellow),32.53
,Dice cube,39.75
,Doughnut tunnel,3.00
,Earthenware pot,4.00
,Fairy-tale parasol,34.41
,Fluff-thing teaser,4.13
,Fluffy bed (brown),3.00
,Fluffy bed (pink),5.50
,Fluffy bed (white),2.00
,Fluffy cushion,3.85
,Fruit basket,4.00
,Giant cushion,19.24
,Gift box,4.00
,Goldfish bowl,3.00
,Hammock (pink),1.00
,Hammock (woven),4.25
,Hammock (yellow),4.71
,Head space,4.00
,Heating stove,21.67
,Hot mat (large),2.33
,Hot mat (small),3.67
,Hot-water bottle,3.00
,Kick toy (bunny),3.00
,Kotatsu,6.18
,Lacquered bowl,2.71
,Large cooling mat,17.75
,Lucky cushion,3.50
,Luxurious hammock,38.86
,Maple pillow,25.07
,Navy-blue cube,7.83
,Orange cube,25.25
,Pancake cushion,28.50
,Panel heater,1.50
,Paper bag,38.00
,Paper umbrella,59.84
,Pile of leaves,22.40
,Pillow (green),4.50
,Pillow (purple),3.20
,Pillow (yellow),4.40
,Planter,6.00
,Plum cushion (pink),3.00
,Plum cushion (red),3.29
,Pom-pom sock,2.00
,Rice kettle,6.00
,Rubber ball (red),12.61
,Rubber ball (yellow),2.00
,Sakura pillow,31.60
,Sakuramochi cushion,3.00
,Sheep cushion,3.60
,Shipping box (small),4.00
,Silk crepe pillow,5.00
,Snowy pillow,7.33
,Space heater,1.80
,Stump house,3.75
,Sunken fireplace,4.00
,Tail-thing teaser,64.00
,Temari ball,3.50
,Tent (modern red),27.50
,Thick cooling pad,2.25
,Tiramisu cube,3.85
,Tower of treats,1.00
,Toy capsule,53.20
,Tunnel (3D piece),2.00
,Tunnel (U piece),5.00
,Warm sock,2.00
,Wild-thing teaser,4.00
,Wing-thing teaser,3.00
,Wood pail,2.50
,Zebra grass gadget,3.33
Socks / Kutsushita-san,Art deco cat tree,1.44
,Bean bag,3.17
,Bucket (blue),2.00
,Bureau with pot,23.30
,Burger cushion,4.40
,Cardboard café,11.69
,Cardboard choo-choo,16.20
,Cardboard truck,2.43
,Cat condo complex,24.76
,Cat metropolis,9.48
,Cowboy hat,4.04
,Dice cube,4.20
,Earthenware pot,48.75
,Fluff-thing teaser,3.71
,Gift box,4.33
,Glass vase,4.42
,Hammock (woven),32.00
,Hammock (yellow),3.50
,Heating stove,32.75
,Hot mat (small),28.25
,Hot-water bottle,4.00
,Kotatsu,2.33
,Luxurious hammock,4.00
,Navy-blue cube,2.00
,Paper bag,20.88
,Planter,35.13
,Rice kettle,3.93
,Rubber ball (blue),28.60
,Rubber ball (red),12.50
,Rubber ball (yellow),3.80
,Scratching board,4.00
,Sheep cushion,4.33
,Shipping box (small),102.33
,Shopping box (large),3.75
,Snow sled,21.16
,Tent (modern red),21.65
,Tent (nature),3.55
,Tent (pyramid),3.54
,Thick cooling pad,22.00
,Three-tier cat tree,2.46
,Tiramisu cube,4.00
,Tower of treats,7.07
,Tunnel (3D piece),27.43
,Tunnel (I piece),3.82
,Tunnel (T piece),28.96
,Tunnel (U piece),2.70
,Watermelon ball,53.50
,Wild-thing teaser,4.50
,Wood pail,3.00
Speckles / Kurobuchi-san,Arabesque blanket,7.50
,Art deco cat tree,2.84
,Beach umbrella,18.96
,Bureau with pot,52.13
,Burger cushion,10.00
,Cardboard café,19.26
,Cardboard choo-choo,4.50
,Cardboard house,29.55
,Cat condo complex,6.58
,Cat metropolis,25.56
,Colourful sock,129.50
,Cosy blanket (red),8.00
,Cosy blanket (yellow),23.00
,Cow tunnel,25.21
,Cowboy hat,5.50
,Cushion (yellow),13.31
,Doughnut tunnel,4.80
,Fairy-tale parasol,54.05
,Giant cushion,25.36
,Glass vase,42.00
,Goldfish bowl,9.50
,Heating stove,32.17
,Hot mat (large),5.25
,Hot mat (small),76.40
,Hot-water bottle,5.00
,Kick toy (bunny),18.93
,Kotatsu,22.62
,Large cooling mat,5.23
,Pancake cushion,4.50
,Panel heater,3.83
,Pile of leaves,6.10
,Ping pong ball,5.60
,Pom-pom sock,6.00
,Sheep cushion,6.20
,Snow sled,4.20
,Space heater,35.55
,Stress reliever,5.00
,Sunken fireplace,4.44
,Three-tier cat tree,3.20
,Tower of treats,2.29
,Toy capsule,54.17
,Tunnel (3D piece),25.88
,Tunnel (I piece),6.33
,Tunnel (T piece),4.89
,Tunnel (U piece),29.50
,Twisty rail,4.00
,Two-tier cat tree,26.67
,Warm sock,5.50
Spooky / Haisabi-san,Art deco cat tree,101.50
,Ball of yarn,24.29
,Black head space,48.63
,Bureau with pot,2.83
,Busy bee,49.00
,Butterfly swarm,40.91
,Cardboard choo-choo,5.75
,Cat condo complex,42.00
,Cat macaroon (green),4.00
,Cat macaroon (pink),5.00
,Cat metropolis,2.11
,Chestnut cushion,6.00
,Colourful sock,5.43
,Cushion (green),34.50
,Cushion (yellow),28.77
,Dice cube,5.33
,Fairy-tale parasol,28.50
,Fluff-thing teaser,5.40
,Gift box,4.92
,Kotatsu,6.00
,Mister mouse,21.50
,Navy-blue cube,4.00
,Orange cube,42.17
,Panel heater,44.33
,Paper bag,4.50
,Plastic bag,3.67
,Pom-pom sock,8.00
,Scratching board,7.00
,Scratching post,5.83
,Shopping box (large),33.20
,Space heater,150.00
,Stump house,6.00
,Tail-thing teaser,5.33
,Tent (blizzard),4.75
,Tent (modern red),6.50
,Tent (nature),6.50
,Tent (pyramid),5.75
,Tiramisu cube,3.00
,Tower of treats,43.83
,Two-tier cat tree,54.20
,Wild-thing teaser,64.67
,Wing-thing teaser,5.00
,Wood pail,3.67
,Zebra grass gadget,54.58
Spots / Shirokuro-san,Arabesque blanket,2.75
,Baseball,3.33
,Bean bag,4.00
,Black head space,8.00
,Bucket (blue),29.23
,Bucket (red),2.80
,Bucket (yellow),3.00
,Bureau with pot,1.82
,Burger cushion,3.50
,Busy bee,2.00
,Cake box,52.20
,Cardboard café,8.39
,Cardboard choo-choo,2.17
,Cardboard house,41.00
,Cardboard truck,2.50
,Carp tunnel,32.08
,Cat condo complex,1.81
,Cat metropolis,15.18
,Choco cornet tunnel,23.62
,Cool aluminum pad,3.94
,Cow tunnel,2.39
,Cowboy hat,3.60
,Cushion (pink),3.00
,Dice cube,25.57
,Doughnut tunnel,2.50
,Earthenware pot,52.75
,Fish-stick tunnel,19.06
,Giant cushion,10.08
,Gift box,3.00
,Glass vase,10.82
,Hammock (yellow),35.67
,Hot mat (large),18.88
,Kick toy (mouse),3.33
,Kotatsu,3.00
,Lacquered bowl,2.00
,Large cooling mat,3.57
,Luxurious hammock,3.42
,Mister dragonfly,3.00
,Mister mouse,90.75
,Navy-blue cube,5.00
,Orange cube,15.58
,Paper bag,2.25
,Pile of leaves,3.25
,Ping pong ball,4.00
,Plastic bag,4.00
,Rice kettle,3.50
,Rubber ball (blue),63.80
,Rubber ball (red),4.50
,Rubber ball (yellow),4.33
,Scratching board,5.00
,Snow sled,2.29
,Space heater,10.67
,Tent (modern red),3.00
,Tent (nature),28.31
,Three-tier cat tree,1.00
,Tower of treats,1.00
,Toy capsule,2.75
,Tunnel (3D piece),18.30
,Tunnel (I piece),2.17
,Tunnel (T piece),7.18
,Tunnel (U piece),3.50
,Two-tier cat tree,3.00
,Watermelon ball,21.75
Spud / Akasabi-san,Black head space,3.13
,Cardboard choo-choo,2.00
,Cardboard house,1.87
,Cat condo complex,1.45
,Cat macaroon (pink),2.25
,Cat pancake,1.40
,Chestnut cushion,3.57
,Cream-puff house,2.40
,Dice cube,3.25
,Earthenware pot,3.15
,Glass vase,2.67
,Head space,3.50
,Kotatsu,1.54
,Large cooling mat,2.29
,Maple pillow,4.00
,Marble pad,2.90
,Navy-blue cube,52.00
,Orange cube,24.77
,Panel heater,2.25
,Pillow (green),2.00
,Sakura pillow,13.94
,Shopping box (large),2.00
,Snow sled,2.00
,Stump house,2.78
,Sunken fireplace,2.40
,Tail-thing teaser,2.88
,Temari ball,11.08
,Three-tier cat tree,1.00
,Tiramisu cube,2.60
,Tower of treats,1.00
,Tunnel (3D piece),1.50
,Tunnel (I piece),2.33
,Tunnel (T piece),2.50
,Tunnel (U piece),2.60
,Twisty rail,72.20
,Two-tier cat tree,3.00
,Zebra grass gadget,39.88
Sunny / Tobimike-san,Baseball,23.22
,Bucket (blue),10.50
,Bucket (red),31.53
,Bucket (yellow),1.90
,Bureau with pot,1.27
,Burger cushion,28.33
,Busy bee,19.93
,Cake box,10.22
,Cardboard choo-choo,2.00
,Cardboard house,28.00
,Cardboard truck,1.75
,Carp tunnel,2.15
,Cat condo complex,7.28
,Cat metropolis,21.31
,Cool aluminum pad,2.33
,Cowboy hat,2.95
,Glass vase,5.58
,Goldfish bowl,3.17
,Hammock (pink),51.20
,Kick toy (mouse),11.60
,Kotatsu,21.90
,Large cooling mat,5.15
,Mister dragonfly,2.31
,Mister mouse,27.33
,Orange cube,5.00
,Panel heater,2.12
,Paper bag,34.33
,Pile of leaves,2.50
,Planter,3.00
,Plastic bag,2.00
,Sakuramochi cushion,3.09
,Scratching board,2.00
,Shopping box (large),25.85
,Snow sled,35.64
,Soccer ball,2.82
,Tail-thing teaser,10.67
,Thick cooling pad,2.80
,Three-tier cat tree,13.31
,Tiramisu cube,2.60
,Tower of treats,13.21
,Tunnel (3D piece),31.93
,Tunnel (I piece),2.00
,Tunnel (T piece),1.73
,Tunnel (U piece),3.11
,Twisty rail,44.75
,Two-tier cat tree,2.60
,Wing-thing teaser,20.11
,Zebra grass gadget,3.34
Tabitha / Shimamike-san,Arabesque blanket,4.53
,Basket case,26.11
,Bean bag,53.30
,Biscuit mat,5.00
,Burger cushion,23.60
,Butterfly swarm,5.17
,Cardboard house,2.69
,Cat condo complex,26.22
,Cat macaroon (green),2.00
,Cat macaroon (pink),2.75
,Cat metropolis,13.37
,Cosy blanket (red),5.00
,Cosy blanket (yellow),4.45
,Cow tunnel,2.38
,Cowboy hat,3.10
,Cream-puff house,3.00
,Cushion (beige),4.11
,Cushion (yellow),14.48
,Dice cube,3.67
,Earthenware pot,3.86
,Fluffy bed (brown),3.50
,Fluffy bed (pink),4.00
,Fluffy bed (white),118.67
,Fluffy cushion,28.92
,Fruit basket,19.96
,Giant cushion,16.46
,Gift box,3.50
,Goldfish bowl,2.60
,Hammock (woven),3.00
,Hammock (yellow),4.58
,Heating stove,2.38
,Hot mat (large),40.10
,Hot mat (small),4.00
,Hot-water bottle,5.00
,Kotatsu,14.07
,Large cooling mat,17.86
,Lucky cushion,4.20
,Luxurious hammock,27.39
,Navy-blue cube,3.45
,Orange cube,20.44
,Pancake cushion,3.43
,Panel heater,61.80
,Paper bag,2.43
,Pile of leaves,3.52
,Pillow (green),2.50
,Pillow (purple),4.67
,Pillow (yellow),27.86
,Planter,29.33
,Rice kettle,2.75
,Rubber ball (blue),37.33
,Rubber ball (red),3.44
,Rubber ball (yellow),4.13
,Sakuramochi cushion,102.33
,Shipping box (small),4.25
,Space heater,2.67
,Stress reliever,23.38
,Stump house,43.20
,Sunken fireplace,3.00
,Tiramisu cube,4.33
,Tower of treats,1.00
,Two-tier cat tree,28.50
,Warm sock,42.78
,Watermelon ball,4.19
,Wild-thing teaser,3.00
,Wood pail,2.40
Tubbs / Manzoku-san,Frisky bitz,58.86
,Ritzy bitz,64.18
,Sashimi,48.60
Willie / Kurotora-san,Art deco cat tree,8.13
,Basket case,3.56
,Beach umbrella,35.86
,Cardboard café,7.94
,Cardboard choo-choo,3.50
,Cardboard house,2.33
,Cardboard truck,5.00
,Cat pancake,46.27
,Dice cube,24.20
,Fairy-tale parasol,10.09
,Glass vase,3.33
,Goldfish bowl,5.67
,Kotatsu,12.42
,Large cooling mat,15.04
,Navy-blue cube,2.33
,Panel heater,36.17
,Paper umbrella,11.76
,Ping pong ball,3.78
,Scratching board,59.75
,Sunken fireplace,3.00
,Thick cooling pad,4.20
,Tower of treats,23.14
,Toy capsule,3.67
Xerxes IX / Prince-san,Royal bed,52.75
,Zanzibar cushion,60.17